ID,Name,Age,Email,Salary
1,User_1,36,user1@example.com,64923
2,User_2,32,user2@example.com,99673
3,User_3,42,user3@example.com,68972
4,User_4,58,user4@example.com,94250
5,User_5,39,user5@example.com,47436
6,User_6,70,user6@example.com,103509
7,User_7,34,user7@example.com,77381
8,User_8,33,user8@example.com,43930
9,User_9,31,user9@example.com,119949
10,User_10,62,user10@example.com,107739
11,User_11,23,user11@example.com,37690
12,User_12,20,user12@example.com,36457
13,User_13,22,user13@example.com,106503
14,User_14,55,user14@example.com,97253
15,User_15,52,user15@example.com,68558
16,User_16,36,user16@example.com,113612
17,User_17,40,user17@example.com,81695
18,User_18,22,user18@example.com,87186
19,User_19,58,user19@example.com,114025
20,User_20,60,user20@example.com,56910
21,User_21,22,user21@example.com,104591
22,User_22,25,user22@example.com,119174
23,User_23,31,user23@example.com,63785
24,User_24,66,user24@example.com,107461
25,User_25,39,user25@example.com,61614
26,User_26,19,user26@example.com,103268
27,User_27,20,user27@example.com,87268
28,User_28,54,user28@example.com,119339
29,User_29,24,user29@example.com,56062
30,User_30,57,user30@example.com,85325
31,User_31,23,user31@example.com,65948
32,User_32,64,user32@example.com,111626
33,User_33,19,user33@example.com,63483
34,User_34,45,user34@example.com,41313
35,User_35,66,user35@example.com,117373
36,User_36,36,user36@example.com,56555
37,User_37,62,user37@example.com,81202
38,User_38,54,user38@example.com,118839
39,User_39,65,user39@example.com,86319
40,User_40,43,user40@example.com,76928
41,User_41,56,user41@example.com,65538
42,User_42,63,user42@example.com,89023
43,User_43,39,user43@example.com,58550
44,User_44,44,user44@example.com,95256
45,User_45,31,user45@example.com,97179
46,User_46,57,user46@example.com,62606
47,User_47,65,user47@example.com,119957
48,User_48,64,user48@example.com,34528
49,User_49,20,user49@example.com,90045
50,User_50,58,user50@example.com,53445
51,User_51,70,user51@example.com,78683
52,User_52,69,user52@example.com,99907
53,User_53,46,user53@example.com,80975
54,User_54,25,user54@example.com,87173
55,User_55,59,user55@example.com,60422
56,User_56,25,user56@example.com,53299
57,User_57,69,user57@example.com,60643
58,User_58,19,user58@example.com,92470
59,User_59,41,user59@example.com,58880
60,User_60,46,user60@example.com,112941
61,User_61,42,user61@example.com,30364
62,User_62,33,user62@example.com,80846
63,User_63,70,user63@example.com,94235
64,User_64,28,user64@example.com,78716
65,User_65,65,user65@example.com,96523
66,User_66,46,user66@example.com,33175
67,User_67,45,user67@example.com,52279
68,User_68,67,user68@example.com,69813
69,User_69,59,user69@example.com,35241
70,User_70,45,user70@example.com,101903
71,User_71,69,user71@example.com,94520
72,User_72,34,user72@example.com,40045
73,User_73,37,user73@example.com,54275
74,User_74,67,user74@example.com,100423
75,User_75,39,user75@example.com,108986
76,User_76,54,user76@example.com,54539
77,User_77,30,user77@example.com,46908
78,User_78,23,user78@example.com,119585
79,User_79,39,user79@example.com,67321
80,User_80,26,user80@example.com,58211
81,User_81,27,user81@example.com,63400
82,User_82,43,user82@example.com,98149
83,User_83,28,user83@example.com,56235
84,User_84,62,user84@example.com,84392
85,User_85,36,user85@example.com,107353
86,User_86,22,user86@example.com,118457
87,User_87,19,user87@example.com,31154
88,User_88,54,user88@example.com,53177
89,User_89,70,user89@example.com,59661
90,User_90,52,user90@example.com,77231
91,User_91,68,user91@example.com,57924
92,User_92,34,user92@example.com,45280
93,User_93,64,user93@example.com,91266
94,User_94,32,user94@example.com,90003
95,User_95,58,user95@example.com,58815
96,User_96,33,user96@example.com,82920
97,User_97,19,user97@example.com,101644
98,User_98,31,user98@example.com,117137
99,User_99,37,user99@example.com,45313
100,User_100,20,user100@example.com,42317
101,User_101,59,user101@example.com,116228
102,User_102,26,user102@example.com,67020
103,User_103,20,user103@example.com,110433
104,User_104,18,user104@example.com,63595
105,User_105,29,user105@example.com,75465
106,User_106,46,user106@example.com,46735
107,User_107,66,user107@example.com,74951
108,User_108,42,user108@example.com,54165
109,User_109,67,user109@example.com,81437
110,User_110,24,user110@example.com,69600
111,User_111,48,user111@example.com,106406
112,User_112,55,user112@example.com,59186
113,User_113,52,user113@example.com,53391
114,User_114,59,user114@example.com,92709
115,User_115,46,user115@example.com,87816
116,User_116,67,user116@example.com,41630
117,User_117,23,user117@example.com,100836
118,User_118,46,user118@example.com,30590
119,User_119,51,user119@example.com,99410
120,User_120,35,user120@example.com,98849
121,User_121,28,user121@example.com,34786
122,User_122,23,user122@example.com,119805
123,User_123,29,user123@example.com,92562
124,User_124,48,user124@example.com,38392
125,User_125,42,user125@example.com,102659
126,User_126,62,user126@example.com,99335
127,User_127,58,user127@example.com,65214
128,User_128,18,user128@example.com,30389
129,User_129,21,user129@example.com,75265
130,User_130,38,user130@example.com,112536
131,User_131,28,user131@example.com,94552
132,User_132,58,user132@example.com,93040
133,User_133,68,user133@example.com,36984
134,User_134,70,user134@example.com,84203
135,User_135,51,user135@example.com,118428
136,User_136,19,user136@example.com,65763
137,User_137,47,user137@example.com,54080
138,User_138,19,user138@example.com,65066
139,User_139,42,user139@example.com,92574
140,User_140,61,user140@example.com,106587
141,User_141,66,user141@example.com,78081
142,User_142,70,user142@example.com,105857
143,User_143,27,user143@example.com,63631
144,User_144,51,user144@example.com,82436
145,User_145,54,user145@example.com,98750
146,User_146,51,user146@example.com,83269
147,User_147,52,user147@example.com,114052
148,User_148,33,user148@example.com,113633
149,User_149,69,user149@example.com,42985
150,User_150,25,user150@example.com,83699
151,User_151,20,user151@example.com,64745
152,User_152,70,user152@example.com,111122
153,User_153,23,user153@example.com,45381
154,User_154,25,user154@example.com,64671
155,User_155,34,user155@example.com,83597
156,User_156,66,user156@example.com,62371
157,User_157,51,user157@example.com,54817
158,User_158,33,user158@example.com,59843
159,User_159,48,user159@example.com,111582
160,User_160,68,user160@example.com,98780
161,User_161,60,user161@example.com,99401
162,User_162,28,user162@example.com,90439
163,User_163,39,user163@example.com,46751
164,User_164,25,user164@example.com,65616
165,User_165,25,user165@example.com,113820
166,User_166,38,user166@example.com,67205
167,User_167,68,user167@example.com,70122
168,User_168,25,user168@example.com,58649
169,User_169,36,user169@example.com,107222
170,User_170,32,user170@example.com,51027
171,User_171,66,user171@example.com,110398
172,User_172,58,user172@example.com,116371
173,User_173,35,user173@example.com,34682
174,User_174,44,user174@example.com,77386
175,User_175,61,user175@example.com,80779
176,User_176,51,user176@example.com,105571
177,User_177,29,user177@example.com,93568
178,User_178,65,user178@example.com,60600
179,User_179,51,user179@example.com,93487
180,User_180,62,user180@example.com,49889
181,User_181,56,user181@example.com,34476
182,User_182,24,user182@example.com,112640
183,User_183,18,user183@example.com,116846
184,User_184,59,user184@example.com,104994
185,User_185,43,user185@example.com,59768
186,User_186,33,user186@example.com,66973
187,User_187,65,user187@example.com,33827
188,User_188,47,user188@example.com,107809
189,User_189,49,user189@example.com,71664
190,User_190,18,user190@example.com,85235
191,User_191,57,user191@example.com,46433
192,User_192,58,user192@example.com,44788
193,User_193,54,user193@example.com,46840
194,User_194,38,user194@example.com,100229
195,User_195,64,user195@example.com,57851
196,User_196,57,user196@example.com,47938
197,User_197,67,user197@example.com,108853
198,User_198,24,user198@example.com,78083
199,User_199,51,user199@example.com,31997
200,User_200,60,user200@example.com,51510
201,User_201,65,user201@example.com,53793
202,User_202,26,user202@example.com,112508
203,User_203,32,user203@example.com,70429
204,User_204,68,user204@example.com,61555
205,User_205,65,user205@example.com,58438
206,User_206,64,user206@example.com,60452
207,User_207,54,user207@example.com,64481
208,User_208,27,user208@example.com,53318
209,User_209,46,user209@example.com,111508
210,User_210,63,user210@example.com,56001
211,User_211,63,user211@example.com,93685
212,User_212,39,user212@example.com,112833
213,User_213,60,user213@example.com,95042
214,User_214,20,user214@example.com,85267
215,User_215,60,user215@example.com,115742
216,User_216,32,user216@example.com,105845
217,User_217,60,user217@example.com,65150
218,User_218,47,user218@example.com,70990
219,User_219,57,user219@example.com,97245
220,User_220,64,user220@example.com,52500
221,User_221,53,user221@example.com,80104
222,User_222,42,user222@example.com,53268
223,User_223,54,user223@example.com,31731
224,User_224,64,user224@example.com,84812
225,User_225,42,user225@example.com,40443
226,User_226,44,user226@example.com,116289
227,User_227,60,user227@example.com,45558
228,User_228,28,user228@example.com,54710
229,User_229,34,user229@example.com,54112
230,User_230,28,user230@example.com,66514
231,User_231,70,user231@example.com,90285
232,User_232,19,user232@example.com,103725
233,User_233,54,user233@example.com,100549
234,User_234,35,user234@example.com,106637
235,User_235,34,user235@example.com,53358
236,User_236,57,user236@example.com,43989
237,User_237,48,user237@example.com,103490
238,User_238,65,user238@example.com,38720
239,User_239,48,user239@example.com,35564
240,User_240,46,user240@example.com,32723
241,User_241,36,user241@example.com,78957
242,User_242,46,user242@example.com,76749
243,User_243,48,user243@example.com,42785
244,User_244,21,user244@example.com,104793
245,User_245,24,user245@example.com,71774
246,User_246,43,user246@example.com,76373
247,User_247,40,user247@example.com,83913
248,User_248,39,user248@example.com,63730
249,User_249,63,user249@example.com,103001
250,User_250,59,user250@example.com,92977
251,User_251,36,user251@example.com,78110
252,User_252,47,user252@example.com,80243
253,User_253,31,user253@example.com,100748
254,User_254,61,user254@example.com,119984
255,User_255,47,user255@example.com,38832
256,User_256,49,user256@example.com,103181
257,User_257,40,user257@example.com,109812
258,User_258,28,user258@example.com,90903
259,User_259,61,user259@example.com,79618
260,User_260,23,user260@example.com,62584
261,User_261,44,user261@example.com,69489
262,User_262,63,user262@example.com,34647
263,User_263,67,user263@example.com,55521
264,User_264,21,user264@example.com,89489
265,User_265,23,user265@example.com,40847
266,User_266,40,user266@example.com,119419
267,User_267,22,user267@example.com,55888
268,User_268,62,user268@example.com,80087
269,User_269,44,user269@example.com,48456
270,User_270,60,user270@example.com,31942
271,User_271,45,user271@example.com,98730
272,User_272,23,user272@example.com,38535
273,User_273,54,user273@example.com,41539
274,User_274,68,user274@example.com,89670
275,User_275,28,user275@example.com,102290
276,User_276,55,user276@example.com,99472
277,User_277,23,user277@example.com,108358
278,User_278,29,user278@example.com,94307
279,User_279,61,user279@example.com,104270
280,User_280,38,user280@example.com,52791
281,User_281,32,user281@example.com,94350
282,User_282,25,user282@example.com,89919
283,User_283,45,user283@example.com,36688
284,User_284,41,user284@example.com,64830
285,User_285,69,user285@example.com,76243
286,User_286,24,user286@example.com,41470
287,User_287,27,user287@example.com,81666
288,User_288,67,user288@example.com,40639
289,User_289,22,user289@example.com,62268
290,User_290,56,user290@example.com,66396
291,User_291,20,user291@example.com,44399
292,User_292,58,user292@example.com,50770
293,User_293,33,user293@example.com,96009
294,User_294,62,user294@example.com,35381
295,User_295,70,user295@example.com,48650
296,User_296,52,user296@example.com,65473
297,User_297,37,user297@example.com,99330
298,User_298,56,user298@example.com,87472
299,User_299,27,user299@example.com,93047
300,User_300,65,user300@example.com,110633
301,User_301,21,user301@example.com,86444
302,User_302,48,user302@example.com,81105
303,User_303,60,user303@example.com,39533
304,User_304,23,user304@example.com,78141
305,User_305,45,user305@example.com,77714
306,User_306,27,user306@example.com,45225
307,User_307,19,user307@example.com,114897
308,User_308,24,user308@example.com,113517
309,User_309,59,user309@example.com,35215
310,User_310,22,user310@example.com,74646
311,User_311,31,user311@example.com,94246
312,User_312,64,user312@example.com,94657
313,User_313,48,user313@example.com,77174
314,User_314,31,user314@example.com,103045
315,User_315,21,user315@example.com,98510
316,User_316,49,user316@example.com,47461
317,User_317,52,user317@example.com,84252
318,User_318,44,user318@example.com,79072
319,User_319,26,user319@example.com,37157
320,User_320,25,user320@example.com,36854
321,User_321,58,user321@example.com,40635
322,User_322,30,user322@example.com,53234
323,User_323,41,user323@example.com,112930
324,User_324,39,user324@example.com,44678
325,User_325,69,user325@example.com,118475
326,User_326,47,user326@example.com,96201
327,User_327,19,user327@example.com,45689
328,User_328,55,user328@example.com,72615
329,User_329,32,user329@example.com,43768
330,User_330,35,user330@example.com,93106
331,User_331,61,user331@example.com,46639
332,User_332,51,user332@example.com,59501
333,User_333,66,user333@example.com,110992
334,User_334,30,user334@example.com,63878
335,User_335,46,user335@example.com,90777
336,User_336,33,user336@example.com,41135
337,User_337,32,user337@example.com,119987
338,User_338,43,user338@example.com,30774
339,User_339,59,user339@example.com,55757
340,User_340,22,user340@example.com,83343
341,User_341,26,user341@example.com,98572
342,User_342,55,user342@example.com,116065
343,User_343,31,user343@example.com,67115
344,User_344,52,user344@example.com,91832
345,User_345,57,user345@example.com,110720
346,User_346,39,user346@example.com,56857
347,User_347,53,user347@example.com,109969
348,User_348,34,user348@example.com,83605
349,User_349,48,user349@example.com,38823
350,User_350,51,user350@example.com,67428
351,User_351,70,user351@example.com,91983
352,User_352,51,user352@example.com,72491
353,User_353,63,user353@example.com,70136
354,User_354,35,user354@example.com,36346
355,User_355,27,user355@example.com,106074
356,User_356,46,user356@example.com,92671
357,User_357,46,user357@example.com,44259
358,User_358,39,user358@example.com,53948
359,User_359,21,user359@example.com,103645
360,User_360,56,user360@example.com,30639
361,User_361,28,user361@example.com,116023
362,User_362,28,user362@example.com,46059
363,User_363,22,user363@example.com,114085
364,User_364,30,user364@example.com,66477
365,User_365,62,user365@example.com,40081
366,User_366,28,user366@example.com,91883
367,User_367,37,user367@example.com,57358
368,User_368,55,user368@example.com,87361
369,User_369,48,user369@example.com,113853
370,User_370,29,user370@example.com,113897
371,User_371,47,user371@example.com,66089
372,User_372,51,user372@example.com,87276
373,User_373,24,user373@example.com,59308
374,User_374,45,user374@example.com,91421
375,User_375,42,user375@example.com,45864
376,User_376,51,user376@example.com,74481
377,User_377,59,user377@example.com,51729
378,User_378,49,user378@example.com,104433
379,User_379,40,user379@example.com,56800
380,User_380,69,user380@example.com,104070
381,User_381,33,user381@example.com,88449
382,User_382,26,user382@example.com,60102
383,User_383,70,user383@example.com,73111
384,User_384,37,user384@example.com,103409
385,User_385,38,user385@example.com,81566
386,User_386,25,user386@example.com,90333
387,User_387,44,user387@example.com,107043
388,User_388,56,user388@example.com,32398
389,User_389,33,user389@example.com,109237
390,User_390,51,user390@example.com,105965
391,User_391,61,user391@example.com,76873
392,User_392,18,user392@example.com,106468
393,User_393,52,user393@example.com,88266
394,User_394,65,user394@example.com,71299
395,User_395,42,user395@example.com,49026
396,User_396,41,user396@example.com,63473
397,User_397,39,user397@example.com,100512
398,User_398,68,user398@example.com,57380
399,User_399,31,user399@example.com,54352
400,User_400,21,user400@example.com,37217
401,User_401,55,user401@example.com,56179
402,User_402,47,user402@example.com,82176
403,User_403,29,user403@example.com,69703
404,User_404,19,user404@example.com,39919
405,User_405,32,user405@example.com,91028
406,User_406,63,user406@example.com,61229
407,User_407,70,user407@example.com,98289
408,User_408,66,user408@example.com,107184
409,User_409,28,user409@example.com,41204
410,User_410,45,user410@example.com,95463
411,User_411,51,user411@example.com,33193
412,User_412,57,user412@example.com,48808
413,User_413,37,user413@example.com,75947
414,User_414,21,user414@example.com,35152
415,User_415,45,user415@example.com,79957
416,User_416,25,user416@example.com,53388
417,User_417,70,user417@example.com,62237
418,User_418,43,user418@example.com,71520
419,User_419,46,user419@example.com,48497
420,User_420,66,user420@example.com,30949
421,User_421,30,user421@example.com,65461
422,User_422,23,user422@example.com,109596
423,User_423,57,user423@example.com,74619
424,User_424,38,user424@example.com,94244
425,User_425,52,user425@example.com,51023
426,User_426,60,user426@example.com,65624
427,User_427,57,user427@example.com,64707
428,User_428,41,user428@example.com,113977
429,User_429,53,user429@example.com,90905
430,User_430,35,user430@example.com,48099
431,User_431,29,user431@example.com,34933
432,User_432,59,user432@example.com,94698
433,User_433,34,user433@example.com,108671
434,User_434,31,user434@example.com,105959
435,User_435,36,user435@example.com,56476
436,User_436,20,user436@example.com,52659
437,User_437,63,user437@example.com,117883
438,User_438,25,user438@example.com,94398
439,User_439,28,user439@example.com,70877
440,User_440,19,user440@example.com,80679
441,User_441,65,user441@example.com,109593
442,User_442,25,user442@example.com,113247
443,User_443,53,user443@example.com,63335
444,User_444,32,user444@example.com,71086
445,User_445,69,user445@example.com,50083
446,User_446,49,user446@example.com,52019
447,User_447,49,user447@example.com,52001
448,User_448,41,user448@example.com,112512
449,User_449,51,user449@example.com,64108
450,User_450,56,user450@example.com,49447
451,User_451,65,user451@example.com,32410
452,User_452,52,user452@example.com,112595
453,User_453,68,user453@example.com,37055
454,User_454,60,user454@example.com,92134
455,User_455,51,user455@example.com,70374
456,User_456,54,user456@example.com,44604
457,User_457,42,user457@example.com,34980
458,User_458,32,user458@example.com,53532
459,User_459,28,user459@example.com,85923
460,User_460,33,user460@example.com,40681
461,User_461,53,user461@example.com,54941
462,User_462,36,user462@example.com,51736
463,User_463,23,user463@example.com,94723
464,User_464,60,user464@example.com,42332
465,User_465,45,user465@example.com,76605
466,User_466,33,user466@example.com,118942
467,User_467,62,user467@example.com,89751
468,User_468,42,user468@example.com,103512
469,User_469,51,user469@example.com,39895
470,User_470,69,user470@example.com,45332
471,User_471,52,user471@example.com,115852
472,User_472,52,user472@example.com,59394
473,User_473,32,user473@example.com,71594
474,User_474,43,user474@example.com,113443
475,User_475,47,user475@example.com,118567
476,User_476,70,user476@example.com,48676
477,User_477,45,user477@example.com,109896
478,User_478,70,user478@example.com,65896
479,User_479,34,user479@example.com,66210
480,User_480,62,user480@example.com,33296
481,User_481,24,user481@example.com,45234
482,User_482,34,user482@example.com,89503
483,User_483,20,user483@example.com,76193
484,User_484,27,user484@example.com,99273
485,User_485,29,user485@example.com,55075
486,User_486,53,user486@example.com,103959
487,User_487,28,user487@example.com,100510
488,User_488,58,user488@example.com,103383
489,User_489,51,user489@example.com,105185
490,User_490,27,user490@example.com,79201
491,User_491,52,user491@example.com,47716
492,User_492,23,user492@example.com,40136
493,User_493,51,user493@example.com,65093
494,User_494,24,user494@example.com,48791
495,User_495,66,user495@example.com,97990
496,User_496,48,user496@example.com,101260
497,User_497,61,user497@example.com,75682
498,User_498,24,user498@example.com,36841
499,User_499,20,user499@example.com,117998
500,User_500,68,user500@example.com,80807
501,User_501,29,user501@example.com,87084
502,User_502,49,user502@example.com,109834
503,User_503,60,user503@example.com,106699
504,User_504,25,user504@example.com,59032
505,User_505,44,user505@example.com,57347
506,User_506,61,user506@example.com,50357
507,User_507,46,user507@example.com,57861
508,User_508,43,user508@example.com,74755
509,User_509,23,user509@example.com,64099
510,User_510,61,user510@example.com,94209
511,User_511,64,user511@example.com,45160
512,User_512,33,user512@example.com,90947
513,User_513,20,user513@example.com,31029
514,User_514,27,user514@example.com,53500
515,User_515,52,user515@example.com,59994
516,User_516,62,user516@example.com,90983
517,User_517,50,user517@example.com,36718
518,User_518,35,user518@example.com,98465
519,User_519,19,user519@example.com,63080
520,User_520,62,user520@example.com,36236
521,User_521,45,user521@example.com,102016
522,User_522,69,user522@example.com,66570
523,User_523,50,user523@example.com,83313
524,User_524,50,user524@example.com,112692
525,User_525,34,user525@example.com,110468
526,User_526,24,user526@example.com,52822
527,User_527,46,user527@example.com,41019
528,User_528,18,user528@example.com,40621
529,User_529,70,user529@example.com,94470
530,User_530,47,user530@example.com,72645
531,User_531,34,user531@example.com,34404
532,User_532,54,user532@example.com,90226
533,User_533,46,user533@example.com,88610
534,User_534,25,user534@example.com,84845
535,User_535,67,user535@example.com,61517
536,User_536,58,user536@example.com,75066
537,User_537,54,user537@example.com,37953
538,User_538,53,user538@example.com,107934
539,User_539,31,user539@example.com,63207
540,User_540,54,user540@example.com,96271
541,User_541,21,user541@example.com,38980
542,User_542,25,user542@example.com,86462
543,User_543,19,user543@example.com,116580
544,User_544,51,user544@example.com,92871
545,User_545,58,user545@example.com,70586
546,User_546,42,user546@example.com,97502
547,User_547,44,user547@example.com,97601
548,User_548,58,user548@example.com,75982
549,User_549,19,user549@example.com,89751
550,User_550,63,user550@example.com,84474
551,User_551,51,user551@example.com,118668
552,User_552,58,user552@example.com,90493
553,User_553,65,user553@example.com,44841
554,User_554,61,user554@example.com,58450
555,User_555,69,user555@example.com,38545
556,User_556,40,user556@example.com,66473
557,User_557,23,user557@example.com,96022
558,User_558,39,user558@example.com,81035
559,User_559,30,user559@example.com,41905
560,User_560,60,user560@example.com,72679
561,User_561,50,user561@example.com,37099
562,User_562,53,user562@example.com,75469
563,User_563,22,user563@example.com,40844
564,User_564,28,user564@example.com,73373
565,User_565,60,user565@example.com,110091
566,User_566,69,user566@example.com,77181
567,User_567,62,user567@example.com,112410
568,User_568,36,user568@example.com,52058
569,User_569,25,user569@example.com,80653
570,User_570,43,user570@example.com,87995
571,User_571,29,user571@example.com,56077
572,User_572,33,user572@example.com,68119
573,User_573,60,user573@example.com,113511
574,User_574,54,user574@example.com,44935
575,User_575,35,user575@example.com,118206
576,User_576,49,user576@example.com,50799
577,User_577,60,user577@example.com,98810
578,User_578,20,user578@example.com,81500
579,User_579,65,user579@example.com,36445
580,User_580,52,user580@example.com,44525
581,User_581,69,user581@example.com,57336
582,User_582,27,user582@example.com,105391
583,User_583,63,user583@example.com,35211
584,User_584,25,user584@example.com,106857
585,User_585,49,user585@example.com,47486
586,User_586,54,user586@example.com,93480
587,User_587,19,user587@example.com,46016
588,User_588,21,user588@example.com,78309
589,User_589,27,user589@example.com,36215
590,User_590,57,user590@example.com,96080
591,User_591,64,user591@example.com,52108
592,User_592,44,user592@example.com,43285
593,User_593,60,user593@example.com,39544
594,User_594,66,user594@example.com,115363
595,User_595,51,user595@example.com,34999
596,User_596,46,user596@example.com,48284
597,User_597,38,user597@example.com,101265
598,User_598,52,user598@example.com,119580
599,User_599,40,user599@example.com,104030
600,User_600,23,user600@example.com,113033
601,User_601,66,user601@example.com,32423
602,User_602,34,user602@example.com,77134
603,User_603,33,user603@example.com,56474
604,User_604,39,user604@example.com,66141
605,User_605,70,user605@example.com,83306
606,User_606,45,user606@example.com,36117
607,User_607,55,user607@example.com,60304
608,User_608,68,user608@example.com,46341
609,User_609,44,user609@example.com,55361
610,User_610,60,user610@example.com,100521
611,User_611,69,user611@example.com,107489
612,User_612,67,user612@example.com,61721
613,User_613,52,user613@example.com,79682
614,User_614,20,user614@example.com,93019
615,User_615,55,user615@example.com,95663
616,User_616,22,user616@example.com,117565
617,User_617,55,user617@example.com,106043
618,User_618,24,user618@example.com,95506
619,User_619,24,user619@example.com,46462
620,User_620,64,user620@example.com,91163
621,User_621,40,user621@example.com,107215
622,User_622,69,user622@example.com,36694
623,User_623,26,user623@example.com,69181
624,User_624,34,user624@example.com,105498
625,User_625,55,user625@example.com,97010
626,User_626,60,user626@example.com,63856
627,User_627,36,user627@example.com,88244
628,User_628,65,user628@example.com,92351
629,User_629,29,user629@example.com,94860
630,User_630,67,user630@example.com,54246
631,User_631,38,user631@example.com,65302
632,User_632,18,user632@example.com,95848
633,User_633,44,user633@example.com,116023
634,User_634,59,user634@example.com,72821
635,User_635,39,user635@example.com,85577
636,User_636,36,user636@example.com,118552
637,User_637,46,user637@example.com,74211
638,User_638,23,user638@example.com,109380
639,User_639,36,user639@example.com,101505
640,User_640,36,user640@example.com,92476
641,User_641,43,user641@example.com,91189
642,User_642,62,user642@example.com,74973
643,User_643,55,user643@example.com,96973
644,User_644,65,user644@example.com,38845
645,User_645,55,user645@example.com,114254
646,User_646,48,user646@example.com,115165
647,User_647,28,user647@example.com,76508
648,User_648,34,user648@example.com,54693
649,User_649,58,user649@example.com,32001
650,User_650,47,user650@example.com,105302
651,User_651,36,user651@example.com,45339
652,User_652,45,user652@example.com,82823
653,User_653,19,user653@example.com,111650
654,User_654,32,user654@example.com,109459
655,User_655,64,user655@example.com,99692
656,User_656,18,user656@example.com,69256
657,User_657,53,user657@example.com,35302
658,User_658,51,user658@example.com,73488
659,User_659,68,user659@example.com,31362
660,User_660,67,user660@example.com,56126
661,User_661,56,user661@example.com,70119
662,User_662,56,user662@example.com,53674
663,User_663,34,user663@example.com,48219
664,User_664,64,user664@example.com,72225
665,User_665,68,user665@example.com,78785
666,User_666,50,user666@example.com,58186
667,User_667,23,user667@example.com,73588
668,User_668,18,user668@example.com,37819
669,User_669,46,user669@example.com,94612
670,User_670,37,user670@example.com,105208
671,User_671,37,user671@example.com,30208
672,User_672,53,user672@example.com,63577
673,User_673,54,user673@example.com,119463
674,User_674,29,user674@example.com,109920
675,User_675,26,user675@example.com,31963
676,User_676,69,user676@example.com,56263
677,User_677,38,user677@example.com,72066
678,User_678,46,user678@example.com,59050
679,User_679,56,user679@example.com,70272
680,User_680,57,user680@example.com,67821
681,User_681,23,user681@example.com,40637
682,User_682,66,user682@example.com,98489
683,User_683,18,user683@example.com,77406
684,User_684,38,user684@example.com,73104
685,User_685,64,user685@example.com,47151
686,User_686,57,user686@example.com,91069
687,User_687,25,user687@example.com,113922
688,User_688,64,user688@example.com,117210
689,User_689,46,user689@example.com,91707
690,User_690,46,user690@example.com,53466
691,User_691,64,user691@example.com,61675
692,User_692,37,user692@example.com,50930
693,User_693,36,user693@example.com,107456
694,User_694,33,user694@example.com,100319
695,User_695,38,user695@example.com,84044
696,User_696,28,user696@example.com,99171
697,User_697,48,user697@example.com,90411
698,User_698,25,user698@example.com,108943
699,User_699,42,user699@example.com,30336
700,User_700,46,user700@example.com,84136
701,User_701,68,user701@example.com,93097
702,User_702,29,user702@example.com,42404
703,User_703,56,user703@example.com,110020
704,User_704,48,user704@example.com,111665
705,User_705,54,user705@example.com,96260
706,User_706,55,user706@example.com,50066
707,User_707,51,user707@example.com,35075
708,User_708,28,user708@example.com,53108
709,User_709,43,user709@example.com,87517
710,User_710,25,user710@example.com,90724
711,User_711,67,user711@example.com,78071
712,User_712,61,user712@example.com,53602
713,User_713,59,user713@example.com,73154
714,User_714,50,user714@example.com,59357
715,User_715,22,user715@example.com,53711
716,User_716,63,user716@example.com,83905
717,User_717,57,user717@example.com,102711
718,User_718,19,user718@example.com,47837
719,User_719,21,user719@example.com,106450
720,User_720,24,user720@example.com,114041
721,User_721,48,user721@example.com,32707
722,User_722,19,user722@example.com,83918
723,User_723,62,user723@example.com,102692
724,User_724,61,user724@example.com,110423
725,User_725,19,user725@example.com,80779
726,User_726,26,user726@example.com,34605
727,User_727,30,user727@example.com,39815
728,User_728,64,user728@example.com,83946
729,User_729,52,user729@example.com,82671
730,User_730,18,user730@example.com,87959
731,User_731,65,user731@example.com,100520
732,User_732,57,user732@example.com,100135
733,User_733,27,user733@example.com,107402
734,User_734,61,user734@example.com,71496
735,User_735,62,user735@example.com,45865
736,User_736,34,user736@example.com,103373
737,User_737,31,user737@example.com,88306
738,User_738,47,user738@example.com,76388
739,User_739,64,user739@example.com,48921
740,User_740,31,user740@example.com,53832
741,User_741,62,user741@example.com,41000
742,User_742,18,user742@example.com,39059
743,User_743,47,user743@example.com,41388
744,User_744,24,user744@example.com,47289
745,User_745,63,user745@example.com,44973
746,User_746,34,user746@example.com,56684
747,User_747,25,user747@example.com,57721
748,User_748,33,user748@example.com,54392
749,User_749,45,user749@example.com,105709
750,User_750,31,user750@example.com,56026
751,User_751,65,user751@example.com,58742
752,User_752,56,user752@example.com,62365
753,User_753,52,user753@example.com,91353
754,User_754,60,user754@example.com,88947
755,User_755,29,user755@example.com,104737
756,User_756,68,user756@example.com,75544
757,User_757,69,user757@example.com,62192
758,User_758,41,user758@example.com,63600
759,User_759,48,user759@example.com,41106
760,User_760,58,user760@example.com,119885
761,User_761,58,user761@example.com,103566
762,User_762,61,user762@example.com,60812
763,User_763,58,user763@example.com,40797
764,User_764,66,user764@example.com,57014
765,User_765,59,user765@example.com,72326
766,User_766,27,user766@example.com,78951
767,User_767,18,user767@example.com,70925
768,User_768,58,user768@example.com,68846
769,User_769,22,user769@example.com,85217
770,User_770,37,user770@example.com,106205
771,User_771,22,user771@example.com,106515
772,User_772,20,user772@example.com,66273
773,User_773,20,user773@example.com,77363
774,User_774,52,user774@example.com,64591
775,User_775,33,user775@example.com,38469
776,User_776,46,user776@example.com,34861
777,User_777,38,user777@example.com,51694
778,User_778,37,user778@example.com,105928
779,User_779,26,user779@example.com,56404
780,User_780,48,user780@example.com,65165
781,User_781,21,user781@example.com,35766
782,User_782,23,user782@example.com,118127
783,User_783,58,user783@example.com,117465
784,User_784,47,user784@example.com,41442
785,User_785,29,user785@example.com,50252
786,User_786,58,user786@example.com,103810
787,User_787,31,user787@example.com,60309
788,User_788,20,user788@example.com,114710
789,User_789,55,user789@example.com,32152
790,User_790,27,user790@example.com,118500
791,User_791,41,user791@example.com,115968
792,User_792,43,user792@example.com,38023
793,User_793,61,user793@example.com,40244
794,User_794,62,user794@example.com,98781
795,User_795,55,user795@example.com,92205
796,User_796,37,user796@example.com,112951
797,User_797,51,user797@example.com,106386
798,User_798,18,user798@example.com,42245
799,User_799,34,user799@example.com,88617
800,User_800,32,user800@example.com,78901
801,User_801,30,user801@example.com,37428
802,User_802,22,user802@example.com,93417
803,User_803,70,user803@example.com,77620
804,User_804,62,user804@example.com,90576
805,User_805,46,user805@example.com,55092
806,User_806,66,user806@example.com,55289
807,User_807,24,user807@example.com,92353
808,User_808,25,user808@example.com,106593
809,User_809,54,user809@example.com,44236
810,User_810,38,user810@example.com,75897
811,User_811,65,user811@example.com,59338
812,User_812,67,user812@example.com,73996
813,User_813,29,user813@example.com,71326
814,User_814,68,user814@example.com,67609
815,User_815,29,user815@example.com,37468
816,User_816,19,user816@example.com,84144
817,User_817,40,user817@example.com,119532
818,User_818,21,user818@example.com,84333
819,User_819,47,user819@example.com,108665
820,User_820,23,user820@example.com,55245
821,User_821,39,user821@example.com,102261
822,User_822,35,user822@example.com,44753
823,User_823,31,user823@example.com,58778
824,User_824,21,user824@example.com,46620
825,User_825,63,user825@example.com,69374
826,User_826,44,user826@example.com,67105
827,User_827,69,user827@example.com,119203
828,User_828,39,user828@example.com,98567
829,User_829,31,user829@example.com,110931
830,User_830,62,user830@example.com,115344
831,User_831,65,user831@example.com,106166
832,User_832,47,user832@example.com,65765
833,User_833,33,user833@example.com,66590
834,User_834,50,user834@example.com,32164
835,User_835,66,user835@example.com,55861
836,User_836,36,user836@example.com,39334
837,User_837,63,user837@example.com,46474
838,User_838,68,user838@example.com,58160
839,User_839,44,user839@example.com,99157
840,User_840,53,user840@example.com,84207
841,User_841,70,user841@example.com,79378
842,User_842,59,user842@example.com,43076
843,User_843,56,user843@example.com,50893
844,User_844,25,user844@example.com,40639
845,User_845,20,user845@example.com,43849
846,User_846,51,user846@example.com,71995
847,User_847,36,user847@example.com,84613
848,User_848,43,user848@example.com,46950
849,User_849,31,user849@example.com,64658
850,User_850,31,user850@example.com,111913
851,User_851,31,user851@example.com,45579
852,User_852,54,user852@example.com,86185
853,User_853,44,user853@example.com,36828
854,User_854,51,user854@example.com,91913
855,User_855,40,user855@example.com,73593
856,User_856,42,user856@example.com,70386
857,User_857,43,user857@example.com,90155
858,User_858,46,user858@example.com,103948
859,User_859,53,user859@example.com,119329
860,User_860,57,user860@example.com,53152
861,User_861,35,user861@example.com,47668
862,User_862,60,user862@example.com,47877
863,User_863,50,user863@example.com,90233
864,User_864,56,user864@example.com,70001
865,User_865,29,user865@example.com,44244
866,User_866,22,user866@example.com,43831
867,User_867,43,user867@example.com,45898
868,User_868,61,user868@example.com,55958
869,User_869,53,user869@example.com,31064
870,User_870,55,user870@example.com,90801
871,User_871,39,user871@example.com,60418
872,User_872,33,user872@example.com,119708
873,User_873,57,user873@example.com,58941
874,User_874,20,user874@example.com,116046
875,User_875,33,user875@example.com,40669
876,User_876,61,user876@example.com,45265
877,User_877,45,user877@example.com,43350
878,User_878,48,user878@example.com,30252
879,User_879,44,user879@example.com,80231
880,User_880,31,user880@example.com,63906
881,User_881,58,user881@example.com,102940
882,User_882,66,user882@example.com,60683
883,User_883,58,user883@example.com,68213
884,User_884,25,user884@example.com,68990
885,User_885,67,user885@example.com,54738
886,User_886,43,user886@example.com,102676
887,User_887,18,user887@example.com,52711
888,User_888,24,user888@example.com,101957
889,User_889,54,user889@example.com,91474
890,User_890,62,user890@example.com,109067
891,User_891,21,user891@example.com,97529
892,User_892,60,user892@example.com,80751
893,User_893,55,user893@example.com,62679
894,User_894,48,user894@example.com,80020
895,User_895,23,user895@example.com,119691
896,User_896,60,user896@example.com,86641
897,User_897,68,user897@example.com,95017
898,User_898,62,user898@example.com,105654
899,User_899,37,user899@example.com,64037
900,User_900,55,user900@example.com,82792
901,User_901,54,user901@example.com,50345
902,User_902,21,user902@example.com,48887
903,User_903,62,user903@example.com,89262
904,User_904,61,user904@example.com,111050
905,User_905,46,user905@example.com,94777
906,User_906,36,user906@example.com,44238
907,User_907,66,user907@example.com,75035
908,User_908,30,user908@example.com,81451
909,User_909,33,user909@example.com,43401
910,User_910,24,user910@example.com,74977
911,User_911,33,user911@example.com,92223
912,User_912,42,user912@example.com,38467
913,User_913,69,user913@example.com,115393
914,User_914,30,user914@example.com,84569
915,User_915,64,user915@example.com,107875
916,User_916,64,user916@example.com,94747
917,User_917,38,user917@example.com,76956
918,User_918,46,user918@example.com,96986
919,User_919,36,user919@example.com,75941
920,User_920,48,user920@example.com,43884
921,User_921,27,user921@example.com,101358
922,User_922,49,user922@example.com,83337
923,User_923,39,user923@example.com,99095
924,User_924,44,user924@example.com,85104
925,User_925,65,user925@example.com,93563
926,User_926,26,user926@example.com,116441
927,User_927,19,user927@example.com,44908
928,User_928,68,user928@example.com,85419
929,User_929,50,user929@example.com,48153
930,User_930,27,user930@example.com,91913
931,User_931,27,user931@example.com,58749
932,User_932,21,user932@example.com,111180
933,User_933,35,user933@example.com,61201
934,User_934,70,user934@example.com,40951
935,User_935,55,user935@example.com,86391
936,User_936,62,user936@example.com,35124
937,User_937,48,user937@example.com,72905
938,User_938,43,user938@example.com,91898
939,User_939,62,user939@example.com,59714
940,User_940,36,user940@example.com,101763
941,User_941,45,user941@example.com,67248
942,User_942,59,user942@example.com,37511
943,User_943,23,user943@example.com,60396
944,User_944,64,user944@example.com,92903
945,User_945,34,user945@example.com,110078
946,User_946,58,user946@example.com,45898
947,User_947,55,user947@example.com,57578
948,User_948,64,user948@example.com,37575
949,User_949,33,user949@example.com,45670
950,User_950,39,user950@example.com,74574
951,User_951,35,user951@example.com,115621
952,User_952,28,user952@example.com,67599
953,User_953,22,user953@example.com,30326
954,User_954,60,user954@example.com,104578
955,User_955,56,user955@example.com,111528
956,User_956,29,user956@example.com,65424
957,User_957,41,user957@example.com,58507
958,User_958,44,user958@example.com,31611
959,User_959,24,user959@example.com,88239
960,User_960,50,user960@example.com,47260
961,User_961,51,user961@example.com,79957
962,User_962,52,user962@example.com,53839
963,User_963,43,user963@example.com,60306
964,User_964,24,user964@example.com,49712
965,User_965,63,user965@example.com,116780
966,User_966,19,user966@example.com,52032
967,User_967,68,user967@example.com,71358
968,User_968,47,user968@example.com,78506
969,User_969,61,user969@example.com,83480
970,User_970,21,user970@example.com,102591
971,User_971,37,user971@example.com,83628
972,User_972,32,user972@example.com,101114
973,User_973,66,user973@example.com,115606
974,User_974,22,user974@example.com,98162
975,User_975,49,user975@example.com,53142
976,User_976,49,user976@example.com,67970
977,User_977,39,user977@example.com,103172
978,User_978,60,user978@example.com,36220
979,User_979,23,user979@example.com,36668
980,User_980,64,user980@example.com,52322
981,User_981,50,user981@example.com,109398
982,User_982,55,user982@example.com,80903
983,User_983,44,user983@example.com,101607
984,User_984,22,user984@example.com,71918
985,User_985,25,user985@example.com,68019
986,User_986,44,user986@example.com,57231
987,User_987,60,user987@example.com,76709
988,User_988,69,user988@example.com,111373
989,User_989,46,user989@example.com,106693
990,User_990,41,user990@example.com,31661
991,User_991,55,user991@example.com,41435
992,User_992,34,user992@example.com,64749
993,User_993,36,user993@example.com,67610
994,User_994,26,user994@example.com,52030
995,User_995,25,user995@example.com,58925
996,User_996,27,user996@example.com,69702
997,User_997,68,user997@example.com,64213
998,User_998,35,user998@example.com,89529
999,User_999,64,user999@example.com,47246
1000,User_1000,70,user1000@example.com,59961
